{"cameraMode":{"drawMode":0,"name":"Shaded","section":"Shading Mode"},"sceneLighting":false,"audioPlay":false,"sceneViewState":{"showFog":true,"showMaterialUpdate":false,"showSkybox":false,"showFlares":true,"showImageEffects":true,"showParticleSystems":true},"in2DMode":false,"pivot":{"x":1218.1900634765625,"y":799.6453857421875,"z":560.905517578125},"rotation":{"x":-0.028775693848729135,"y":0.04556277021765709,"z":-0.001313097309321165,"w":-0.9985467195510864},"size":810.5701904296875,"orthographic":false}