{"cameraMode":{"drawMode":0,"name":"Shaded","section":"Shading Mode"},"sceneLighting":false,"audioPlay":false,"sceneViewState":{"showFog":true,"showMaterialUpdate":false,"showSkybox":true,"showFlares":true,"showImageEffects":true,"showParticleSystems":true},"in2DMode":false,"pivot":{"x":345.8377990722656,"y":836.2775268554688,"z":11.076171875},"rotation":{"x":-0.07819650322198868,"y":0.02900412492454052,"z":-0.0022759377025067808,"w":-0.9965135455131531},"size":805.8748168945313,"orthographic":false}